fid,NOM_MUN,COD,COD_MUN4,POB_TOTAL,urbano_na,urbano_nr,urbano_si,urbano_no,rural_na,rura_nr,rural_si,rural_no,urbano_na,urbano_nr,rural_na,rural_nr,total_urbano,total_rural,total,porcentaje_SI,porcentaje_NO,SI_Urbano,SI_Rural
237,AHUACHAPAN,101,0101,110511,232,1222,1136,61391,NA,427,53,46050,232,1222,0,427,63981,46530,110511,1.09,98.91,1.82,0.11
230,APANECA,102,0102,8383,NA,27,62,2854,NA,58,5,5377,0,27,0,58,2943,5440,8383,0.81,99.19,2.13,0.09
236,ATIQUIZAYA,103,0103,33587,51,187,456,20170,NA,60,19,12644,51,187,0,60,20864,12723,33587,1.43,98.57,2.21,0.15
231,CONCEPCION DE ATACO,104,0104,12786,5,83,65,5749,6,303,5,6570,5,83,6,303,5902,6884,12786,0.57,99.43,1.12,0.08
235,EL REFUGIO,105,0105,8171,11,118,80,6106,NA,11,4,1841,11,118,0,11,6315,1856,8171,1.05,98.95,1.29,0.22
270,GUAYMANGO,106,0106,19037,NA,41,31,1237,NA,200,0,17528,0,41,0,200,1309,17728,19037,0.16,99.84,2.44,0
229,JUJUTLA,107,0107,28599,NA,33,9,6867,NA,251,8,21431,0,33,0,251,6909,21690,28599,0.06,99.94,0.13,0.04
232,SAN FRANCISCO MENENDEZ,108,0108,42607,NA,218,144,12034,NA,239,40,29932,0,218,0,239,12396,30211,42607,0.44,99.56,1.18,0.13
238,SAN LORENZO,109,0109,9194,NA,6,3,1118,NA,41,19,8007,0,6,0,41,1127,8067,9194,0.24,99.76,0.27,0.24
228,SAN PEDRO PUXTLA,110,0110,7773,NA,14,23,1850,NA,38,9,5839,0,14,0,38,1887,5886,7773,0.41,99.59,1.23,0.15
233,TACUBA,111,0111,29858,NA,58,53,4778,NA,460,5,24504,0,58,0,460,4889,24969,29858,0.2,99.8,1.1,0.02
234,TURIN,112,0112,8997,NA,32,73,6298,NA,3,0,2591,0,32,0,3,6403,2594,8997,0.81,99.19,1.15,0
32,CANDELARIA DE LA FRONTERA,201,0201,22686,NA,100,72,7976,NA,362,64,14112,0,100,0,362,8148,14538,22686,0.61,99.39,0.89,0.45
34,COATEPEQUE,202,0202,36768,2,449,81,12808,23,630,40,22735,2,449,23,630,13340,23428,36768,0.34,99.66,0.63,0.18
37,CHALCHUAPA,203,0203,74038,19,1157,1031,45488,7,468,16,25852,19,1157,7,468,47695,26343,74038,1.45,98.55,2.22,0.06
38,EL CONGO,204,0204,24219,NA,165,216,14213,NA,94,20,9511,0,165,0,94,14594,9625,24219,0.98,99.02,1.5,0.21
35,EL PORVENIR,205,0205,8232,NA,12,3,906,NA,136,3,7172,0,12,0,136,921,7311,8232,0.07,99.93,0.33,0.04
30,MASAHUAT,206,0206,3393,NA,NA,14,484,NA,31,9,2855,0,0,0,31,498,2895,3393,0.68,99.32,2.81,0.31
26,METAPAN,207,0207,59004,208,402,685,18061,NA,615,69,38964,208,402,0,615,19356,39648,59004,1.3,98.7,3.65,0.18
27,SAN ANTONIO PAJONAL,208,0208,3279,NA,25,42,1231,1,12,0,1968,0,25,1,12,1298,1981,3279,1.3,98.7,3.3,0
36,SAN SEBASTIAN SALITRILLO,209,0209,18566,NA,422,237,16822,NA,25,10,1050,0,422,0,25,17481,1085,18566,1.36,98.64,1.39,0.94
33,SANTA ANA,210,0210,245421,4540,5426,9566,184808,8,1147,159,39767,4540,5426,8,1147,204340,41081,245421,4.15,95.85,4.92,0.4
29,SANTA ROSA GUACHIPILIN,211,0211,4930,NA,1,3,427,NA,24,11,4464,0,1,0,24,431,4499,4930,0.29,99.71,0.7,0.25
28,SANTIAGO DE LA FRONTERA,212,0212,5196,NA,38,0,1398,NA,30,0,3730,0,38,0,30,1436,3760,5196,0,100,0,0
31,TEXISTEPEQUE,213,0213,17923,NA,84,76,2952,415,241,29,14126,0,84,415,241,3112,14811,17923,0.61,99.39,2.51,0.2
196,ACAJUTLA,301,0301,52359,47,721,372,24097,NA,524,40,26558,47,721,0,524,25237,27122,52359,0.81,99.19,1.52,0.15
202,ARMENIA,302,0302,34912,7,1012,256,22719,32,211,9,10666,7,1012,32,211,23994,10918,34912,0.79,99.21,1.11,0.08
198,CALUCO,303,0303,9139,NA,10,2,1597,NA,42,0,7488,0,10,0,42,1609,7530,9139,0.02,99.98,0.13,0
195,CUISNAHUAT,304,0304,12676,2,4,4,2991,2,30,0,9643,2,4,2,30,3001,9675,12676,0.03,99.97,0.13,0
194,SANTA ISABEL ISHUATAN,305,0305,10241,NA,9,0,804,NA,79,14,9335,0,9,0,79,813,9428,10241,0.14,99.86,0,0.15
203,IZALCO,306,0306,70959,109,766,517,38394,192,433,57,30491,109,766,192,433,39786,31173,70959,0.83,99.17,1.33,0.19
207,JUAYUA,307,0307,24465,23,277,361,13137,NA,252,21,10394,23,277,0,252,13798,10667,24465,1.6,98.4,2.67,0.2
206,NAHUIZALCO,308,0308,49081,3,823,168,32595,NA,365,24,15103,3,823,0,365,33589,15492,49081,0.4,99.6,0.51,0.16
197,NAHULINGO,309,0309,10417,NA,154,73,7135,NA,27,0,3028,0,154,0,27,7362,3055,10417,0.71,99.29,1.01,0
205,SALCOATITAN,310,0310,5484,NA,12,43,1965,NA,28,0,3436,0,12,0,28,2020,3464,5484,0.79,99.21,2.14,0
199,SAN ANTONIO DEL MONTE,311,0311,26902,29,580,272,19101,NA,115,0,6805,29,580,0,115,19982,6920,26902,1.04,98.96,1.4,0
201,SAN JULIAN,312,0312,18648,NA,126,116,9218,1,96,4,9087,0,126,1,96,9460,9188,18648,0.65,99.35,1.24,0.04
204,SANTA CATARINA MASAHUAT,313,0313,10076,NA,73,3,4210,NA,144,0,5646,0,73,0,144,4286,5790,10076,0.03,99.97,0.07,0
271,SANTO DOMINGO DE GUZMAN,314,0314,7055,NA,43,5,2229,NA,30,0,4748,0,43,0,30,2277,4778,7055,0.07,99.93,0.22,0
200,SONSONATE,315,0315,71541,536,1159,1922,45512,NA,295,14,22103,536,1159,0,295,49129,22412,71541,2.78,97.22,4.05,0.06
208,SONZACATE,316,0316,25005,115,284,808,23798,,,0,0,115,284,0,0,25005,0,25005,3.28,96.72,3.28,#¡DIV/0!
2,AGUA CALIENTE,401,0401,8261,NA,43,44,1897,NA,91,8,6178,0,43,0,91,1984,6277,8261,0.64,99.36,2.27,0.13
62,ARCATAO,402,0402,2946,NA,38,8,903,2,37,7,1951,0,38,2,37,949,1997,2946,0.52,99.48,0.88,0.36
24,AZACUALPA,403,0403,1136,NA,1,8,518,NA,NA,0,609,0,1,0,0,527,609,1136,0.7,99.3,1.52,0
5,CITALA,404,0404,4164,NA,5,36,1327,NA,98,4,2694,0,5,0,98,1368,2796,4164,0.98,99.02,2.64,0.15
63,COMALAPA,405,0405,2996,NA,8,0,778,NA,15,5,2190,0,8,0,15,786,2210,2996,0.17,99.83,0,0.23
14,CONCEPCION QUEZALTEPEQUE,406,0406,6457,NA,123,51,2824,NA,94,6,3359,0,123,0,94,2998,3459,6457,0.91,99.09,1.77,0.18
15,CHALATENANGO,407,0407,29271,690,270,471,15545,NA,138,91,12066,690,270,0,138,16976,12295,29271,1.99,98.01,2.94,0.75
10,DULCE NOMBRE DE MARIA,408,0408,5051,NA,83,42,1980,NA,25,9,2912,0,83,0,25,2105,2946,5051,1.03,98.97,2.08,0.31
65,EL CARRIZAL,409,0409,2464,NA,3,0,366,NA,22,0,2073,0,3,0,22,369,2095,2464,0,100,0,0
11,EL PARAISO,410,0410,10483,NA,24,34,2793,21,58,5,7548,0,24,21,58,2851,7632,10483,0.38,99.62,1.2,0.07
64,LA LAGUNA,411,0411,3923,NA,NA,12,421,NA,35,0,3455,0,0,0,35,433,3490,3923,0.31,99.69,2.77,0
3,LA PALMA,412,0412,12235,NA,38,104,2776,NA,136,8,9173,0,38,0,136,2918,9317,12235,0.93,99.07,3.61,0.09
7,LA REINA,413,0413,9525,1,53,38,1944,32,137,11,7309,1,53,32,137,2036,7489,9525,0.53,99.47,1.92,0.15
17,LAS VUELTAS,414,0414,940,NA,NA,0,301,NA,1,3,635,0,0,0,1,301,639,940,0.32,99.68,0,0.47
60,NOMBRE DE JESUS,415,0415,4484,1,4,9,803,1,64,0,3602,1,4,1,64,817,3667,4484,0.2,99.8,1.11,0
1,NUEVA CONCEPCION,416,0416,28625,NA,107,195,9543,28,328,22,18402,0,107,28,328,9845,18780,28625,0.77,99.23,2,0.12
16,NUEVA TRINIDAD,417,0417,1673,NA,7,0,214,NA,NA,0,1452,0,7,0,0,221,1452,1673,0,100,0,0
18,OJOS DE AGUA,418,0418,3667,NA,5,0,795,NA,29,1,2837,0,5,0,29,800,2867,3667,0.03,99.97,0,0.04
21,POTONICO,419,0419,1586,NA,32,7,728,NA,4,0,815,0,32,0,4,767,819,1586,0.45,99.55,0.95,0
59,SAN ANTONIO DE LA CRUZ,420,0420,1854,NA,6,0,123,NA,30,0,1695,0,6,0,30,129,1725,1854,0,100,0,0
23,SAN ANTONIO LOS RANCHOS,421,0421,1619,NA,9,5,604,NA,6,0,995,0,9,0,6,618,1001,1619,0.31,99.69,0.82,0
6,SAN FERNANDO,422,0422,2593,NA,4,0,627,NA,9,0,1953,0,4,0,9,631,1962,2593,0,100,0,0
58,SAN FRANCISCO LEMPA,423,0423,862,NA,6,10,582,NA,NA,0,264,0,6,0,0,598,264,862,1.17,98.83,1.69,0
8,SAN FRANCISCO MORAZAN,424,0424,3919,1,3,0,700,NA,49,0,3166,1,3,0,49,704,3215,3919,0,100,0,0
4,SAN IGNACIO,425,0425,8611,NA,7,39,1187,NA,137,21,7220,0,7,0,137,1233,7378,8611,0.71,99.29,3.18,0.29
19,SAN ISIDRO LABRADOR,426,0426,2592,NA,20,4,1110,NA,20,6,1432,0,20,0,20,1134,1458,2592,0.39,99.61,0.36,0.42
20,CANCASQUE,427,0427,1751,NA,NA,0,668,NA,20,0,1063,0,0,0,20,668,1083,1751,0,100,0,0
61,LAS FLORES,428,0428,1583,NA,8,0,577,NA,12,0,986,0,8,0,12,585,998,1583,0,100,0,0
25,SAN LUIS DEL CARMEN,429,0429,1173,NA,1,0,274,NA,3,2,893,0,1,0,3,275,898,1173,0.17,99.83,0,0.22
22,SAN MIGUEL DE MERCEDES,430,0430,2487,NA,24,10,993,NA,13,6,1441,0,24,0,13,1027,1460,2487,0.65,99.35,1,0.41
12,SAN RAFAEL,431,0431,4264,NA,9,16,1641,NA,4,3,2591,0,9,0,4,1666,2598,4264,0.45,99.55,0.97,0.12
13,SANTA RITA,432,0432,5985,1,16,0,383,NA,31,19,5535,1,16,0,31,400,5585,5985,0.32,99.68,0,0.34
9,TEJUTLA,433,0433,13608,NA,170,29,5230,NA,233,38,7908,0,170,0,233,5429,8179,13608,0.51,99.49,0.55,0.48
251,ANTIGUO CUSCATLAN,501,0501,33698,138,765,15385,17410,,,0,0,138,765,0,0,33698,0,33698,46.91,53.09,46.91,#¡DIV/0!
258,CIUDAD ARCE,502,0502,60314,NA,1365,392,39726,NA,976,57,17798,0,1365,0,976,41483,18831,60314,0.77,99.23,0.98,0.32
256,COLON,503,0503,96989,66,2830,1659,86657,NA,103,44,5630,66,2830,0,103,91212,5777,96989,1.81,98.19,1.88,0.78
250,COMASAGUA,504,0504,11870,NA,99,14,2759,NA,120,0,8878,0,99,0,120,2872,8998,11870,0.12,99.88,0.5,0
247,CHILTIUPAN,505,0505,10897,5,NA,2,770,NA,90,31,9999,5,0,0,90,777,10120,10897,0.31,99.69,0.26,0.31
245,HUIZUCAR,506,0506,14465,5,732,49,4055,NA,328,10,9286,5,732,0,328,4841,9624,14465,0.44,99.56,1.19,0.11
253,JAYAQUE,507,0507,11058,NA,399,56,6439,NA,298,10,3856,0,399,0,298,6894,4164,11058,0.64,99.36,0.86,0.26
242,JICALAPA,508,0508,5116,NA,NA,0,420,NA,24,6,4666,0,0,0,24,420,4696,5116,0.12,99.88,0,0.13
241,LA LIBERTAD,509,0509,35997,20,480,210,22393,41,131,64,12658,20,480,41,131,23103,12894,35997,0.78,99.22,0.93,0.5
248,NUEVO CUSCATLAN,510,0510,6897,NA,31,77,3967,NA,29,345,2448,0,31,0,29,4075,2822,6897,6.17,93.83,1.9,12.35
255,SANTA TECLA,511,0511,121908,752,4809,29512,73767,7,1028,984,11049,752,4809,7,1028,108840,13068,121908,26.45,73.55,28.58,8.18
259,QUEZALTEPEQUE,512,0512,52643,129,1353,964,33716,NA,586,24,15871,129,1353,0,586,36162,16481,52643,1.95,98.05,2.78,0.15
257,SACACOYO,513,0513,12299,NA,267,61,9544,NA,25,1,2401,0,267,0,25,9872,2427,12299,0.52,99.48,0.64,0.04
244,SAN JOSE VILLANUEVA,514,0514,13576,4,205,253,10275,NA,69,162,2608,4,205,0,69,10737,2839,13576,3.12,96.88,2.4,5.85
261,SAN JUAN OPICO,515,0515,74280,10,2134,1235,41607,132,1035,309,27818,10,2134,132,1035,44986,29294,74280,2.18,97.82,2.88,1.1
260,SAN MATIAS,516,0516,7314,NA,7,24,1136,NA,99,20,6028,0,7,0,99,1167,6147,7314,0.61,99.39,2.07,0.33
262,SAN PABLO TACACHICO,517,0517,20366,NA,372,71,5176,11,589,62,14085,0,372,11,589,5619,14747,20366,0.69,99.31,1.35,0.44
246,TAMANIQUE,518,0518,13544,107,31,22,3797,NA,99,10,9478,107,31,0,99,3957,9587,13544,0.24,99.76,0.58,0.11
252,TALNIQUE,519,0519,8254,2,85,15,4787,NA,66,18,3281,2,85,0,66,4889,3365,8254,0.41,99.59,0.31,0.55
249,TEOTEPEQUE,520,0520,12320,NA,16,7,1260,NA,119,13,10905,0,16,0,119,1283,11037,12320,0.16,99.84,0.55,0.12
254,TEPECOYO,521,0521,14322,2,90,73,8128,NA,101,4,5924,2,90,0,101,8293,6029,14322,0.54,99.46,0.89,0.07
243,ZARAGOZA,522,0522,22525,7,200,844,16984,NA,29,86,4375,7,200,0,29,18035,4490,22525,4.17,95.83,4.73,1.93
226,AGUILARES,601,0601,21267,25,827,298,17984,NA,157,27,1949,25,827,0,157,19134,2133,21267,1.6,98.4,1.63,1.37
223,APOPA,602,0602,131286,26,6061,1933,123266,,,0,0,26,6061,0,0,131286,0,131286,1.54,98.46,1.54,#¡DIV/0!
219,AYUTUXTEPEQUE,603,0603,34710,2020,606,2180,29904,,,0,0,2020,606,0,0,34710,0,34710,6.79,93.21,6.79,#¡DIV/0!
215,CUSCATANCINGO,604,0604,66400,2,2940,1482,61976,,,0,0,2,2940,0,0,66400,0,66400,2.34,97.66,2.34,#¡DIV/0!
227,EL PAISNAL,605,0605,14551,1,176,34,6512,NA,115,7,7706,1,176,0,115,6723,7828,14551,0.29,99.71,0.52,0.09
225,GUAZAPA,606,0606,22906,NA,65,203,13959,NA,90,34,8555,0,65,0,90,14227,8679,22906,1.04,98.96,1.43,0.4
214,ILOPANGO,607,0607,103862,23,2349,3819,97671,,,0,0,23,2349,0,0,103862,0,103862,3.76,96.24,3.76,#¡DIV/0!
218,MEJICANOS,608,0608,140751,29,5087,14873,120762,,,0,0,29,5087,0,0,140751,0,140751,10.97,89.03,10.97,#¡DIV/0!
224,NEJAPA,609,0609,29458,26,376,296,15832,NA,232,11,12685,26,376,0,232,16530,12928,29458,1.07,98.93,1.84,0.09
210,PANCHIMALCO,610,0610,41260,110,793,347,14914,NA,985,94,24017,110,793,0,985,16164,25096,41260,1.12,98.88,2.27,0.39
209,ROSARIO DE MORA,611,0611,11377,NA,94,72,4887,NA,40,9,6275,0,94,0,40,5053,6324,11377,0.72,99.28,1.45,0.14
211,SAN MARCOS,612,0612,63209,183,3212,3418,56396,,,0,0,183,3212,0,0,63209,0,63209,5.71,94.29,5.71,#¡DIV/0!
221,SAN MARTIN,613,0613,72758,118,2385,795,62706,NA,527,45,6182,118,2385,0,527,66004,6754,72758,1.2,98.8,1.25,0.72
217,SAN SALVADOR,614,0614,316090,1088,10604,60203,244195,,,0,0,1088,10604,0,0,316090,0,316090,19.78,80.22,19.78,#¡DIV/0!
213,SANTIAGO TEXACUANGOS,615,0615,19428,74,249,165,11894,NA,176,58,6812,74,249,0,176,12382,7046,19428,1.18,98.82,1.37,0.84
212,SANTO TOMAS,616,0616,25344,10,440,384,17918,NA,134,26,6432,10,440,0,134,18752,6592,25344,1.66,98.34,2.1,0.4
216,SOYAPANGO,617,0617,241403,74,6041,10075,225213,,,0,0,74,6041,0,0,241403,0,241403,4.28,95.72,4.28,#¡DIV/0!
222,TONACATEPEQUE,618,0618,90896,165,1686,957,75350,NA,254,32,12452,165,1686,0,254,78158,12738,90896,1.11,98.89,1.25,0.26
220,DELGADO,619,0619,120200,146,4758,2578,104679,NA,451,11,7577,146,4758,0,451,112161,8039,120200,2.25,97.75,2.4,0.14
79,CANDELARIA,701,0701,10090,NA,49,11,3538,7,44,7,6434,0,49,7,44,3598,6492,10090,0.18,99.82,0.31,0.11
76,COJUTEPEQUE,702,0702,50315,683,1116,1138,38135,NA,99,0,9144,683,1116,0,99,41072,9243,50315,2.35,97.65,2.9,0
77,EL CARMEN,703,0703,13345,NA,23,0,2052,NA,118,5,11147,0,23,0,118,2075,11270,13345,0.04,99.96,0,0.04
74,EL ROSARIO,704,0704,4220,NA,5,0,420,NA,31,0,3764,0,5,0,31,425,3795,4220,0,100,0,0
73,MONTE SAN JUAN,705,0705,10224,NA,19,13,1574,NA,55,0,8563,0,19,0,55,1606,8618,10224,0.13,99.87,0.82,0
69,ORATORIO DE CONCEPCION,706,0706,3578,NA,2,7,850,NA,26,0,2693,0,2,0,26,859,2719,3578,0.2,99.8,0.82,0
70,SAN BARTOLOME PERULAPIA,707,0707,8058,NA,72,46,4564,NA,126,6,3244,0,72,0,126,4682,3376,8058,0.66,99.34,1,0.18
78,SAN CRISTOBAL,708,0708,8316,NA,NA,9,856,NA,96,10,7345,0,0,0,96,865,7451,8316,0.23,99.77,1.04,0.14
68,SAN JOSE GUAYABAL,709,0709,9300,NA,14,44,2813,NA,44,11,6374,0,14,0,44,2871,6429,9300,0.6,99.4,1.54,0.17
71,SAN PEDRO PERULAPAN,710,0710,44730,NA,561,71,14356,NA,1036,41,28665,0,561,0,1036,14988,29742,44730,0.26,99.74,0.49,0.14
75,SAN RAFAEL CEDROS,711,0711,17069,NA,245,90,5021,NA,174,47,11492,0,245,0,174,5356,11713,17069,0.82,99.18,1.76,0.41
80,SAN RAMON,712,0712,6292,NA,7,9,1245,NA,30,14,4987,0,7,0,30,1261,5031,6292,0.37,99.63,0.72,0.28
81,SANTA CRUZ ANALQUITO,713,0713,2585,NA,6,13,1788,NA,NA,0,778,0,6,0,0,1807,778,2585,0.5,99.5,0.72,0
72,SANTA CRUZ MICHAPA,714,0714,11790,NA,82,26,6551,NA,33,0,5098,0,82,0,33,6659,5131,11790,0.22,99.78,0.4,0
66,SUCHITOTO,715,0715,24786,NA,70,61,7523,NA,47,3,17082,0,70,0,47,7654,17132,24786,0.26,99.74,0.8,0.02
67,TENANCINGO,716,0716,6782,NA,NA,0,914,NA,212,0,5656,0,0,0,212,914,5868,6782,0,100,0,0
88,CUYULTITAN,801,0801,5590,1,7,49,3308,17,11,12,2185,1,7,17,11,3365,2225,5590,1.1,98.9,1.46,0.55
85,EL ROSARIO,802,0802,16784,2,199,96,9077,13,258,1,7138,2,199,13,258,9374,7410,16784,0.59,99.41,1.05,0.01
102,JERUSALEN,803,0803,2570,NA,3,0,445,NA,18,0,2104,0,3,0,18,448,2122,2570,0,100,0,0
103,MERCEDES LA CEIBA,804,0804,637,NA,7,0,478,NA,NA,0,152,0,7,0,0,485,152,637,0,100,0,0
83,OLOCUILTA,805,0805,29529,8,667,195,15047,48,313,16,13235,8,667,48,313,15917,13612,29529,0.74,99.26,1.28,0.12
99,PARAISO DE OSORIO,806,0806,2727,NA,7,0,1744,NA,NA,0,976,0,7,0,0,1751,976,2727,0,100,0,0
86,SAN ANTONIO MASAHUAT,807,0807,4258,NA,8,0,1093,NA,33,0,3124,0,8,0,33,1101,3157,4258,0,100,0,0
100,SAN EMIGDIO,808,0808,2818,NA,14,0,1359,NA,23,1,1421,0,14,0,23,1373,1445,2818,0.04,99.96,0,0.07
89,SAN FRANCISCO CHINAMECA,809,0809,7387,NA,30,7,2622,NA,85,0,4643,0,30,0,85,2659,4728,7387,0.1,99.9,0.27,0
93,SAN JUAN NONUALCO,810,0810,17256,9,81,96,7414,NA,80,2,9574,9,81,0,80,7600,9656,17256,0.57,99.43,1.28,0.02
84,SAN JUAN TALPA,811,0811,7707,NA,40,39,4457,NA,36,0,3135,0,40,0,36,4536,3171,7707,0.51,99.49,0.87,0
90,SAN JUAN TEPEZONTES,812,0812,3630,NA,29,6,1285,3,10,0,2297,0,29,3,10,1320,2310,3630,0.17,99.83,0.46,0
82,SAN LUIS TALPA,813,0813,21675,NA,346,66,12806,NA,96,5,8356,0,346,0,96,13218,8457,21675,0.33,99.67,0.51,0.06
101,SAN MIGUEL TEPEZONTES,814,0814,5084,NA,22,20,2525,1,23,0,2493,0,22,1,23,2567,2517,5084,0.4,99.6,0.79,0
92,SAN PEDRO MASAHUAT,815,0815,25446,24,361,45,12686,NA,295,25,12010,24,361,0,295,13116,12330,25446,0.28,99.72,0.35,0.21
97,SAN PEDRO NONUALCO,816,0816,9252,23,30,51,3015,1,70,0,6062,23,30,1,70,3119,6133,9252,0.56,99.44,1.66,0
95,SAN RAFAEL OBRAJUELO,817,0817,9820,34,63,108,4907,NA,46,5,4657,34,63,0,46,5112,4708,9820,1.17,98.83,2.15,0.11
98,SANTA MARIA OSTUMA,818,0818,5990,NA,6,6,1540,NA,33,6,4399,0,6,0,33,1552,4438,5990,0.2,99.8,0.39,0.14
91,SANTIAGO NONUALCO,819,0819,39887,NA,171,116,11726,NA,398,23,27453,0,171,0,398,12013,27874,39887,0.35,99.65,0.98,0.08
87,TAPALHUACA,820,0820,3809,NA,5,9,721,NA,20,4,3050,0,5,0,20,735,3074,3809,0.34,99.66,1.23,0.13
94,ZACATECOLUCA,821,0821,65826,369,848,673,40237,55,344,11,23289,369,848,55,344,42127,23699,65826,1.07,98.93,1.65,0.05
96,SAN LUIS LA HERRADURA,822,0822,20405,NA,122,30,8567,NA,265,4,11417,0,122,0,265,8719,11686,20405,0.17,99.83,0.35,0.04
108,CINQUERA,901,0901,1467,NA,3,0,451,NA,11,0,1002,0,3,0,11,454,1013,1467,0,100,0,0
111,GUACOTECTI,902,0902,5550,15,70,38,2296,NA,63,0,3068,15,70,0,63,2419,3131,5550,0.7,99.3,1.63,0
104,ILOBASCO,903,0903,61510,374,482,475,22447,NA,1330,15,36387,374,482,0,1330,23778,37732,61510,0.83,99.17,2.07,0.04
106,JUTIAPA,904,0904,6584,NA,1,0,626,NA,100,0,5857,0,1,0,100,627,5957,6584,0,100,0,0
105,SAN ISIDRO,905,0905,7796,NA,24,30,1497,NA,141,23,6081,0,24,0,141,1551,6245,7796,0.69,99.31,1.96,0.38
109,SENSUNTEPEQUE,906,0906,40332,352,334,380,14329,NA,511,25,24401,352,334,0,511,15395,24937,40332,1.03,98.97,2.58,0.1
107,TEJUTEPEQUE,907,0907,7114,NA,22,30,2693,NA,71,0,4298,0,22,0,71,2745,4369,7114,0.43,99.57,1.1,0
110,VICTORIA,908,0908,12626,NA,25,19,1268,NA,102,5,11207,0,25,0,102,1312,11314,12626,0.19,99.81,1.48,0.04
158,DOLORES,909,0909,6347,NA,9,0,1404,NA,73,0,4861,0,9,0,73,1413,4934,6347,0,100,0,0
39,APASTEPEQUE,1001,1001,18342,NA,139,45,4675,NA,125,30,13328,0,139,0,125,4859,13483,18342,0.41,99.59,0.95,0.22
46,GUADALUPE,1002,1002,5486,NA,64,23,3634,NA,21,3,1741,0,64,0,21,3721,1765,5486,0.48,99.52,0.63,0.17
45,SAN CAYETANO ISTEPEQUE,1003,1003,5103,NA,11,5,1594,NA,66,35,3392,0,11,0,66,1610,3493,5103,0.8,99.2,0.31,1.02
112,SANTA CLARA,1004,1004,5349,NA,40,0,907,NA,152,0,4250,0,40,0,152,947,4402,5349,0,100,0,0
42,SANTO DOMINGO,1005,1005,6445,120,45,56,2000,NA,35,15,4174,120,45,0,35,2221,4224,6445,1.14,98.86,2.72,0.36
113,SAN ESTEBAN CATARINA,1006,1006,5661,NA,17,29,2481,1,27,4,3102,0,17,1,27,2527,3134,5661,0.59,99.41,1.16,0.13
48,SAN ILDEFONSO,1007,1007,7799,NA,61,13,2108,NA,139,10,5468,0,61,0,139,2182,5617,7799,0.3,99.7,0.61,0.18
43,SAN LORENZO,1008,1008,6055,NA,81,16,1964,NA,41,0,3953,0,81,0,41,2061,3994,6055,0.27,99.73,0.81,0
40,SAN SEBASTIAN,1009,1009,14411,10,92,176,6275,1,45,4,7808,10,92,1,45,6553,7858,14411,1.26,98.74,2.73,0.05
114,SAN VICENTE,1010,1010,53213,1398,1635,1198,32469,3,410,39,16061,1398,1635,3,410,36700,16513,53213,2.49,97.51,3.56,0.24
47,TECOLUCA,1011,1011,23893,NA,152,61,10263,NA,273,13,13131,0,152,0,273,10476,13417,23893,0.32,99.68,0.59,0.1
44,TEPETITAN,1012,1012,3631,NA,14,30,1801,NA,21,0,1765,0,14,0,21,1845,1786,3631,0.83,99.17,1.64,0
41,VERAPAZ,1013,1013,6257,1,18,28,2408,1,46,0,3755,1,18,1,46,2455,3802,6257,0.45,99.55,1.15,0
57,ALEGRIA,1101,1101,11712,NA,18,25,1502,NA,164,25,9978,0,18,0,164,1545,10167,11712,0.43,99.57,1.64,0.25
51,BERLIN,1102,1102,17787,13,160,206,9403,NA,106,0,7899,13,160,0,106,9782,8005,17787,1.18,98.82,2.14,0
147,CALIFORNIA,1103,1103,2628,NA,3,0,1642,NA,27,5,951,0,3,0,27,1645,983,2628,0.19,99.81,0,0.52
152,CONCEPCION BATRES,1104,1104,12197,11,24,53,3126,NA,128,11,8844,11,24,0,128,3214,8983,12197,0.53,99.47,1.67,0.12
53,EL TRIUNFO,1105,1105,6924,NA,28,43,3001,NA,32,25,3795,0,28,0,32,3072,3852,6924,0.99,99.01,1.41,0.65
150,EREGUAYQUIN,1106,1106,6119,NA,NA,21,1899,NA,56,9,4134,0,0,0,56,1920,4199,6119,0.49,99.51,1.09,0.22
49,ESTANZUELAS,1107,1107,9015,NA,82,17,3774,NA,81,0,5061,0,82,0,81,3873,5142,9015,0.19,99.81,0.45,0
143,JIQUILISCO,1108,1108,47784,NA,271,283,19716,NA,283,17,27214,0,271,0,283,20270,27514,47784,0.64,99.36,1.42,0.06
56,JUCUAPA,1109,1109,18442,308,157,217,9786,NA,114,0,7860,308,157,0,114,10468,7974,18442,1.21,98.79,2.17,0
155,JUCUARAN,1110,1110,13424,NA,NA,10,1130,1,41,0,12242,0,0,1,41,1140,12284,13424,0.07,99.93,0.88,0
192,MERCEDES UMANA,1111,1111,13092,3,43,42,3017,NA,101,4,9882,3,43,0,101,3105,9987,13092,0.36,99.64,1.37,0.04
52,NUEVA GRANADA,1112,1112,7451,NA,4,8,1299,NA,25,7,6108,0,4,0,25,1311,6140,7451,0.2,99.8,0.61,0.11
148,OZATLAN,1113,1113,12443,NA,28,38,5017,NA,49,7,7304,0,28,0,49,5083,7360,12443,0.36,99.64,0.75,0.1
154,PUERTO EL TRIUNFO,1114,1114,16584,NA,31,144,9426,NA,33,10,6940,0,31,0,33,9601,6983,16584,0.93,99.07,1.5,0.14
50,SAN AGUSTIN,1115,1115,6518,NA,32,0,3093,NA,27,3,3363,0,32,0,27,3125,3393,6518,0.05,99.95,0,0.09
54,SAN BUENA VENTURA,1116,1116,4726,NA,24,36,879,NA,42,21,3724,0,24,0,42,939,3787,4726,1.22,98.78,3.93,0.56
153,SAN DIONISIO,1117,1117,4945,NA,NA,10,1271,NA,6,0,3658,0,0,0,6,1281,3664,4945,0.2,99.8,0.78,0
144,SANTA ELENA,1118,1118,17342,NA,34,153,4997,NA,110,8,12040,0,34,0,110,5184,12158,17342,0.94,99.06,2.97,0.07
145,SAN FRANCISCO JAVIER,1119,1119,5409,NA,2,12,986,NA,39,0,4370,0,2,0,39,1000,4409,5409,0.22,99.78,1.2,0
149,SANTA MARIA,1120,1120,10731,NA,181,96,7919,NA,120,2,2413,0,181,0,120,8196,2535,10731,0.94,99.06,1.2,0.08
55,SANTIAGO DE MARIA,1121,1121,18201,50,381,316,13592,NA,66,12,3784,50,381,0,66,14339,3862,18201,1.85,98.15,2.27,0.32
146,TECAPAN,1122,1122,7697,NA,84,15,3455,NA,6,6,4131,0,84,0,6,3554,4143,7697,0.28,99.72,0.43,0.15
151,USULUTAN,1123,1123,73064,695,1513,1406,47882,NA,367,47,21154,695,1513,0,367,51496,21568,73064,2.06,97.94,2.85,0.22
161,CAROLINA,1201,1201,8240,NA,18,4,1189,1,170,4,6854,0,18,1,170,1211,7029,8240,0.1,99.9,0.34,0.06
163,CIUDAD BARRIOS,1202,1202,24817,1421,389,123,6699,NA,411,10,15764,1421,389,0,411,8632,16185,24817,0.59,99.41,1.8,0.06
176,COMACARAN,1203,1203,3199,NA,12,3,433,NA,57,8,2686,0,12,0,57,448,2751,3199,0.35,99.65,0.69,0.3
164,CHAPELTIQUE,1204,1204,10728,NA,26,79,2267,NA,236,56,8064,0,26,0,236,2372,8356,10728,1.29,98.71,3.37,0.69
168,CHINAMECA,1205,1205,22311,NA,144,184,5895,NA,653,33,15402,0,144,0,653,6223,16088,22311,1.01,98.99,3.03,0.21
174,CHIRILAGUA,1206,1206,19984,NA,69,43,2995,NA,465,30,16382,0,69,0,465,3107,16877,19984,0.38,99.62,1.42,0.18
173,EL TRANSITO,1207,1207,18363,NA,77,155,7380,NA,110,17,10624,0,77,0,110,7612,10751,18363,0.95,99.05,2.06,0.16
165,LOLOTIQUE,1208,1208,14916,NA,84,15,4309,NA,180,222,10106,0,84,0,180,4408,10508,14916,1.62,98.38,0.35,2.15
166,MONCAGUA,1209,1209,22659,NA,52,81,6314,NA,273,21,15918,0,52,0,273,6447,16212,22659,0.46,99.54,1.27,0.13
167,NUEVA GUADALUPE,1210,1210,8905,NA,61,98,4905,1,19,11,3810,0,61,1,19,5064,3841,8905,1.24,98.76,1.96,0.29
157,NUEVO EDEN DE SAN JUAN,1211,1211,4034,6,7,0,568,NA,48,4,3401,6,7,0,48,581,3453,4034,0.1,99.9,0,0.12
170,QUELEPA,1212,1212,4049,NA,20,14,2328,NA,62,21,1604,0,20,0,62,2362,1687,4049,0.88,99.12,0.6,1.29
162,SAN ANTONIO,1213,1213,5304,NA,7,0,419,NA,52,0,4826,0,7,0,52,426,4878,5304,0,100,0,0
159,SAN GERARDO,1214,1214,5986,NA,30,33,921,NA,19,4,4979,0,30,0,19,984,5002,5986,0.62,99.38,3.46,0.08
169,SAN JORGE,1215,1215,9115,NA,106,12,2480,NA,140,18,6359,0,106,0,140,2598,6517,9115,0.34,99.66,0.48,0.28
160,SAN LUIS DE LA REINA,1216,1216,5637,NA,15,0,1066,NA,44,0,4512,0,15,0,44,1081,4556,5637,0,100,0,0
171,SAN MIGUEL,1217,1217,218410,1172,4384,9308,143272,7,2214,96,57957,1172,4384,7,2214,158136,60274,218410,4.46,95.54,6.1,0.17
172,SAN RAFAEL ORIENTE,1218,1218,13290,NA,122,83,5393,NA,87,8,7597,0,122,0,87,5598,7692,13290,0.7,99.3,1.52,0.11
156,SESORI,1219,1219,10705,NA,36,10,1002,NA,371,8,9278,0,36,0,371,1048,9657,10705,0.17,99.83,0.99,0.09
175,ULUAZAPA,1220,1220,3351,1,36,7,1254,NA,35,0,2018,1,36,0,35,1298,2053,3351,0.21,99.79,0.56,0
180,ARAMBALA,1301,1301,1821,NA,NA,2,256,NA,11,4,1548,0,0,0,11,258,1563,1821,0.33,99.67,0.78,0.26
178,CACAOPERA,1302,1302,10943,NA,11,9,1059,NA,883,0,8981,0,11,0,883,1079,9864,10943,0.09,99.91,0.84,0
124,CORINTO,1303,1303,15410,NA,69,62,3233,NA,258,0,11788,0,69,0,258,3364,12046,15410,0.41,99.59,1.88,0
116,CHILANGA,1304,1304,9700,NA,26,25,1186,NA,190,10,8263,0,26,0,190,1237,8463,9700,0.37,99.63,2.06,0.12
190,DELICIAS DE CONCEPCION,1305,1305,5076,NA,22,72,1967,NA,7,7,3001,0,22,0,7,2061,3015,5076,1.57,98.43,3.53,0.23
122,EL DIVISADERO,1306,1306,7617,NA,72,8,742,NA,115,43,6637,0,72,0,115,822,6795,7617,0.69,99.31,1.07,0.64
185,EL ROSARIO,1307,1307,1339,NA,NA,3,470,NA,2,0,864,0,0,0,2,473,866,1339,0.22,99.78,0.63,0
189,GUALOCOCTI,1308,1308,3650,NA,25,5,880,NA,218,0,2522,0,25,0,218,910,2740,3650,0.15,99.85,0.56,0
117,GUATAJIAGUA,1309,1309,11721,NA,205,28,3621,NA,176,10,7681,0,205,0,176,3854,7867,11721,0.34,99.66,0.77,0.13
187,JOATECA,1310,1310,4210,NA,1,6,803,NA,52,4,3344,0,1,0,52,810,3400,4210,0.24,99.76,0.74,0.12
182,JOCOAITIQUE,1311,1311,2877,NA,18,0,807,NA,26,0,2026,0,18,0,26,825,2052,2877,0,100,0,0
123,JOCORO,1312,1312,10060,NA,115,90,2849,NA,352,26,6628,0,115,0,352,3054,7006,10060,1.21,98.79,3.06,0.39
115,LOLOTIQUILLO,1313,1313,4915,NA,21,25,978,NA,90,14,3787,0,21,0,90,1024,3891,4915,0.81,99.19,2.49,0.37
186,MEANGUERA,1314,1314,7818,NA,78,3,1454,NA,189,12,6082,0,78,0,189,1535,6283,7818,0.2,99.8,0.21,0.2
193,OSICALA,1315,1315,8909,2,NA,102,1885,NA,184,4,6732,2,0,0,184,1989,6920,8909,1.22,98.78,5.13,0.06
181,PERQUIN,1316,1316,3158,NA,4,21,156,NA,99,5,2873,0,4,0,99,181,2977,3158,0.85,99.15,11.86,0.17
121,SAN CARLOS,1317,1317,4172,NA,24,27,946,NA,38,0,3137,0,24,0,38,997,3175,4172,0.66,99.34,2.77,0
179,SAN FERNANDO,1318,1318,1708,NA,8,0,210,1,41,0,1448,0,8,1,41,218,1490,1708,0,100,0,0
118,SAN FRANCISCO GOTERA,1319,1319,21049,6,463,475,14363,530,166,6,5040,6,463,530,166,15307,5742,21049,2.42,97.58,3.2,0.12
184,SAN ISIDRO,1320,1320,2804,NA,2,9,736,NA,8,0,2049,0,2,0,8,747,2057,2804,0.32,99.68,1.21,0
188,SAN SIMON,1321,1321,10102,NA,48,18,1484,NA,361,0,8191,0,48,0,361,1550,8552,10102,0.19,99.81,1.2,0
119,SENSEMBRA,1322,1322,2940,NA,27,12,756,NA,43,0,2102,0,27,0,43,795,2145,2940,0.42,99.58,1.56,0
177,SOCIEDAD,1323,1323,11406,NA,90,13,965,NA,672,4,9662,0,90,0,672,1068,10338,11406,0.16,99.84,1.33,0.04
183,TOROLA,1324,1324,3042,NA,8,0,211,NA,78,0,2745,0,8,0,78,219,2823,3042,0,100,0,0
120,YAMABAL,1325,1325,4346,NA,28,10,508,NA,113,8,3679,0,28,0,113,546,3800,4346,0.43,99.57,1.93,0.22
191,YOLOAIQUIN,1326,1326,3613,NA,18,20,600,3,46,12,2914,0,18,3,46,638,2975,3613,0.9,99.1,3.23,0.41
129,ANAMOROS,1401,1401,14551,NA,124,55,1611,NA,814,7,11940,0,124,0,814,1790,12761,14551,0.46,99.54,3.3,0.06
137,BOLIVAR,1402,1402,4215,NA,14,7,488,NA,86,1,3619,0,14,0,86,509,3706,4215,0.19,99.81,1.41,0.03
135,CONCEPCION DE ORIENTE,1403,1403,8179,NA,35,32,949,NA,209,10,6944,0,35,0,209,1016,7163,8179,0.53,99.47,3.26,0.14
130,CONCHAGUA,1404,1404,37362,193,244,362,16226,NA,247,28,20062,193,244,0,247,17025,20337,37362,1.06,98.94,2.18,0.14
140,EL CARMEN,1405,1405,12324,NA,26,20,1741,NA,251,36,10250,0,26,0,251,1787,10537,12324,0.46,99.54,1.14,0.35
128,EL SAUCE,1406,1406,6546,NA,16,16,863,NA,361,15,5275,0,16,0,361,895,5651,6546,0.5,99.5,1.82,0.28
131,INTIPUCA,1407,1407,7567,NA,94,46,2739,NA,86,8,4594,0,94,0,86,2879,4688,7567,0.73,99.27,1.65,0.17
141,LA UNION,1408,1408,34045,NA,622,736,16688,NA,264,30,15705,0,622,0,264,18046,15999,34045,2.31,97.69,4.22,0.19
133,LISLIQUE,1409,1409,13385,NA,53,12,574,NA,713,31,12002,0,53,0,713,639,12746,13385,0.34,99.66,2.05,0.26
142,MEANGUERA DEL GOLFO,1410,1410,2398,NA,8,0,444,1,83,0,1862,0,8,1,83,452,1946,2398,0,100,0,0
132,NUEVA ESPARTA,1411,1411,9637,NA,13,44,1290,NA,142,9,8139,0,13,0,142,1347,8290,9637,0.56,99.44,3.3,0.11
126,PASAQUINA,1412,1412,16375,NA,137,82,3334,NA,232,38,12552,0,137,0,232,3553,12822,16375,0.75,99.25,2.4,0.3
134,POLOROS,1413,1413,9701,NA,19,10,987,NA,285,26,8374,0,19,0,285,1016,8685,9701,0.38,99.62,1,0.31
125,SAN ALEJO,1414,1414,17598,NA,58,47,2867,NA,315,17,14294,0,58,0,315,2972,14626,17598,0.37,99.63,1.61,0.12
138,SAN JOSE,1415,1415,2971,NA,40,4,771,NA,23,16,2117,0,40,0,23,815,2156,2971,0.69,99.31,0.52,0.75
127,SANTA ROSA DE LIMA,1416,1416,27693,NA,500,532,12608,NA,367,63,13623,0,500,0,367,13640,14053,27693,2.22,97.78,4.05,0.46
139,YAYANTIQUE,1417,1417,6871,NA,23,13,2865,1,164,4,3801,0,23,1,164,2901,3970,6871,0.25,99.75,0.45,0.11
136,YUCUAIQUIN,1418,1418,6799,NA,22,51,1106,NA,825,34,4761,0,22,0,825,1179,5620,6799,1.43,98.57,4.41,0.71